algorithm,input_type,n,time_ns,max_depth,comparisons
MergeSort,RANDOM,100,194333,3,597
QuickSort,RANDOM,100,324625,4,616
Select,RANDOM,100,1149958,0,0
MergeSort,SORTED,100,15208,3,152
QuickSort,SORTED,100,42167,4,616
Select,SORTED,100,42625,0,0
MergeSort,REVERSE_SORTED,100,29625,3,724
QuickSort,REVERSE_SORTED,100,51292,4,645
Select,REVERSE_SORTED,100,87917,0,0
MergeSort,DUPLICATE_HEAVY,100,26166,3,559
QuickSort,DUPLICATE_HEAVY,100,44458,4,777
Select,DUPLICATE_HEAVY,100,55666,0,0
MergeSort,RANDOM,1000,389459,6,9497
QuickSort,RANDOM,1000,97292,6,10343
Select,RANDOM,1000,304667,0,0
MergeSort,SORTED,1000,222000,6,3020
QuickSort,SORTED,1000,66083,7,10631
Select,SORTED,1000,110458,0,0
MergeSort,REVERSE_SORTED,1000,67125,6,10300
QuickSort,REVERSE_SORTED,1000,62334,6,10342
Select,REVERSE_SORTED,1000,88500,0,0
MergeSort,DUPLICATE_HEAVY,1000,68959,6,8990
QuickSort,DUPLICATE_HEAVY,1000,170625,3,53651
Select,DUPLICATE_HEAVY,1000,480750,0,0
MergeSort,RANDOM,10000,1181083,10,120153
QuickSort,RANDOM,10000,555875,8,156989
Select,RANDOM,10000,666542,0,0
MergeSort,SORTED,10000,634709,10,50272
QuickSort,SORTED,10000,275625,9,162814
Select,SORTED,10000,290042,0,0
MergeSort,REVERSE_SORTED,10000,787542,10,93648
QuickSort,REVERSE_SORTED,10000,295666,9,152535
Select,REVERSE_SORTED,10000,1886125,0,0
MergeSort,DUPLICATE_HEAVY,10000,1098834,10,114299
QuickSort,DUPLICATE_HEAVY,10000,2512917,3,5054060
Select,DUPLICATE_HEAVY,10000,86229750,0,0
MergeSort,RANDOM,100000,17814375,13,1564496
QuickSort,RANDOM,100000,25340750,12,2097800
Select,RANDOM,100000,2514416,0,0
MergeSort,SORTED,100000,2553375,13,652208
QuickSort,SORTED,100000,2868166,11,1945936
Select,SORTED,100000,652500,0,0
MergeSort,REVERSE_SORTED,100000,3534000,13,1208816
QuickSort,REVERSE_SORTED,100000,3283667,11,1956110
Select,REVERSE_SORTED,100000,1186875,0,0
MergeSort,DUPLICATE_HEAVY,100000,8276875,13,1484421
QuickSort,DUPLICATE_HEAVY,100000,281959958,3,500448585
Select,DUPLICATE_HEAVY,100000,15309811958,0,0
ClosestPair,RANDOM,100,3705125,0,0
ClosestPair,RANDOM,1000,2465041,0,0
ClosestPair,RANDOM,5000,6303209,0,0
ClosestPair,RANDOM,20000,29018667,0,0
